sourceReference,id,primaryCategory,subcategory,executionMethod,implementationStatus,verificationStatus
"SEO: Page Metadata > Page title present","seo.metadata.title.present","seo","page.metadata","source_html","implemented","route_verified"
"SEO: Page Metadata > Page title not empty","seo.metadata.title.not_empty","seo","page.metadata","source_html","implemented","route_verified"
"SEO: Page Metadata > Multiple page titles detected","seo.page.metadata.multiple.page.titles.detected","seo","page.metadata","source_html","implemented","route_verified"
"SEO: Page Metadata > Page title length measured","seo.metadata.title.length","seo","page.metadata","source_html","implemented","route_verified"
"SEO: Page Metadata > Meta description present","seo.metadata.description.present","seo","page.metadata","source_html","implemented","route_verified"
"SEO: Page Metadata > Meta description not empty","seo.metadata.description.not_empty","seo","page.metadata","source_html","implemented","route_verified"
"SEO: Page Metadata > Multiple meta descriptions detected","seo.page.metadata.multiple.meta.descriptions.detected","seo","page.metadata","source_html","implemented","route_verified"
"SEO: Page Metadata > Meta description length measured","seo.page.metadata.meta.description.length.measured","seo","page.metadata","source_html","implemented","route_verified"
"SEO: Page Metadata > Canonical URL declared","seo.page.metadata.canonical.url.declared","seo","page.metadata","source_html","implemented","route_verified"
"SEO: Page Metadata > Multiple canonical URLs detected","seo.page.metadata.multiple.canonical.urls.detected","seo","page.metadata","source_html","implemented","route_verified"
"SEO: Page Metadata > Canonical URL format valid","seo.page.metadata.canonical.url.format.valid","seo","page.metadata","source_html","implemented","route_verified"
"SEO: Page Metadata > Canonical target reachable","seo.page.metadata.canonical.target.reachable","seo","page.metadata","network","implemented","route_verified"
"SEO: Page Metadata > Canonical target redirects","seo.page.metadata.canonical.target.redirects","seo","page.metadata","network","implemented","route_verified"
"SEO: Page Metadata > Canonical target contains a noindex directive","seo.page.metadata.canonical.target.contains.a.noindex.directive","seo","page.metadata","source_html","implemented","route_verified"
"SEO: Page Metadata > Canonical points to a different page","seo.page.metadata.canonical.points.to.a.different.page","seo","page.metadata","source_html","implemented","route_verified"
"SEO: Page Metadata > HTML language declared","seo.page.metadata.html.language.declared","seo","page.metadata","source_html","implemented","route_verified"
"SEO: Page Metadata > HTML language code valid","seo.page.metadata.html.language.code.valid","seo","page.metadata","source_html","implemented","route_verified"
"SEO: Crawling and Indexing > Page HTTP status recorded","seo.crawling.http_status","seo","crawling.and.indexing","network","implemented","route_verified"
"SEO: Crawling and Indexing > Page returns HTML content","seo.crawling.html_content","seo","crawling.and.indexing","source_html","implemented","route_verified"
"SEO: Crawling and Indexing > Redirect chain detected","seo.crawling.and.indexing.redirect.chain.detected","seo","crawling.and.indexing","network","implemented","route_verified"
"SEO: Crawling and Indexing > Redirect loop detected","seo.crawling.and.indexing.redirect.loop.detected","seo","crawling.and.indexing","network","implemented","route_verified"
"SEO: Crawling and Indexing > Robots.txt file reachable","seo.crawling.and.indexing.robots.txt.file.reachable","seo","crawling.and.indexing","network","implemented","route_verified"
"SEO: Crawling and Indexing > Robots.txt contains readable text","seo.crawling.and.indexing.robots.txt.contains.readable.text","seo","crawling.and.indexing","network","implemented","route_verified"
"SEO: Crawling and Indexing > Robots.txt parsing errors detected","seo.crawling.and.indexing.robots.txt.parsing.errors.detected","seo","crawling.and.indexing","network","implemented","route_verified"
"SEO: Crawling and Indexing > Selected page allowed by Googlebot robots rules","seo.crawling.and.indexing.selected.page.allowed.by.googlebot.robots.rules","seo","crawling.and.indexing","network","implemented","route_verified"
"SEO: Crawling and Indexing > Selected page allowed by Bingbot robots rules","seo.crawling.and.indexing.selected.page.allowed.by.bingbot.robots.rules","seo","crawling.and.indexing","network","implemented","route_verified"
"SEO: Crawling and Indexing > Meta robots directives detected","seo.crawling.and.indexing.meta.robots.directives.detected","seo","crawling.and.indexing","network","implemented","route_verified"
"SEO: Crawling and Indexing > X-Robots-Tag directives detected","seo.crawling.and.indexing.x.robots.tag.directives.detected","seo","crawling.and.indexing","network","implemented","route_verified"
"SEO: Crawling and Indexing > Conflicting indexing directives detected","seo.crawling.and.indexing.conflicting.indexing.directives.detected","seo","crawling.and.indexing","source_html","implemented","route_verified"
"SEO: Crawling and Indexing > Noindex directive detected","seo.crawling.and.indexing.noindex.directive.detected","seo","crawling.and.indexing","source_html","implemented","route_verified"
"SEO: Crawling and Indexing > Nofollow directive detected","seo.crawling.and.indexing.nofollow.directive.detected","seo","crawling.and.indexing","source_html","implemented","route_verified"
"SEO: Crawling and Indexing > Sitemap URL declared in robots.txt","seo.crawling.and.indexing.sitemap.url.declared.in.robots.txt","seo","crawling.and.indexing","network","implemented","route_verified"
"SEO: Crawling and Indexing > Conventional sitemap locations checked","seo.crawling.and.indexing.conventional.sitemap.locations.checked","seo","crawling.and.indexing","network","implemented","route_verified"
"SEO: Crawling and Indexing > Referenced XML sitemap reachable","seo.crawling.and.indexing.referenced.xml.sitemap.reachable","seo","crawling.and.indexing","network","implemented","route_verified"
"SEO: Crawling and Indexing > Referenced sitemap XML valid","seo.crawling.and.indexing.referenced.sitemap.xml.valid","seo","crawling.and.indexing","network","implemented","route_verified"
"SEO: Crawling and Indexing > Selected page found in checked sitemap files","seo.crawling.and.indexing.selected.page.found.in.checked.sitemap.files","seo","crawling.and.indexing","network","implemented","route_verified"
"SEO: Crawling and Indexing > Sitemap lastmod date formats valid","seo.crawling.and.indexing.sitemap.lastmod.date.formats.valid","seo","crawling.and.indexing","network","implemented","route_verified"
"Content Structure and Headings > H1 heading present","seo.content.h1.present","seo","content.structure.and.headings","source_html","implemented","route_verified"
"Content Structure and Headings > Empty H1 headings detected","seo.content.structure.and.headings.empty.h1.headings.detected","seo","content.structure.and.headings","source_html","implemented","route_verified"
"Content Structure and Headings > Multiple H1 headings detected","seo.content.h1.multiple","seo","content.structure.and.headings","source_html","implemented","route_verified"
"Content Structure and Headings > Empty H2 to H6 headings detected","seo.content.structure.and.headings.empty.h2.to.h6.headings.detected","seo","content.structure.and.headings","source_html","implemented","route_verified"
"Content Structure and Headings > Skipped heading levels detected","seo.content.structure.and.headings.skipped.heading.levels.detected","seo","content.structure.and.headings","source_html","implemented","route_verified"
"Content Structure and Headings > Repeated heading text detected","seo.content.structure.and.headings.repeated.heading.text.detected","seo","content.structure.and.headings","source_html","implemented","route_verified"
"Content Structure and Headings > Main content landmark present","seo.content.structure.and.headings.main.content.landmark.present","seo","content.structure.and.headings","source_html","implemented","route_verified"
"Content Structure and Headings > Multiple main content landmarks detected","seo.content.structure.and.headings.multiple.main.content.landmarks.detected","seo","content.structure.and.headings","source_html","implemented","route_verified"
"Content Structure and Headings > Main content contains extractable text","seo.content.structure.and.headings.main.content.contains.extractable.text","seo","content.structure.and.headings","source_html","implemented","route_verified"
"Content Structure and Headings > Main content word count measured","seo.content.structure.and.headings.main.content.word.count.measured","seo","content.structure.and.headings","source_html","implemented","route_verified"
"Content Structure and Headings > Text present in original HTML","seo.content.structure.and.headings.text.present.in.original.html","seo","content.structure.and.headings","source_html","implemented","route_verified"
"Content Structure and Headings > Content added only after JavaScript rendering detected","seo.content.structure.and.headings.content.added.only.after.javascript.rendering.detected","seo","content.structure.and.headings","rendered_browser","implemented","route_verified"
"Content Structure and Headings > Original HTML and rendered text differences detected","seo.content.structure.and.headings.original.html.and.rendered.text.differences.detected","seo","content.structure.and.headings","rendered_browser","implemented","route_verified"
"Content Structure and Headings > Lists use semantic list elements","seo.content.structure.and.headings.lists.use.semantic.list.elements","seo","content.structure.and.headings","source_html","implemented","route_verified"
"Content Structure and Headings > Data tables contain header cells","seo.content.structure.and.headings.data.tables.contain.header.cells","seo","content.structure.and.headings","network","implemented","route_verified"
"Links and Navigation > Links have non-empty destinations","seo.links.and.navigation.links.have.non.empty.destinations","seo","links.and.navigation","network","implemented","route_verified"
"Links and Navigation > Links have accessible names","seo.links.and.navigation.links.have.accessible.names","seo","links.and.navigation","network","implemented","route_verified"
"Links and Navigation > Empty anchor text detected","seo.links.and.navigation.empty.anchor.text.detected","seo","links.and.navigation","source_html","implemented","route_verified"
"Links and Navigation > Placeholder link destinations detected","seo.links.and.navigation.placeholder.link.destinations.detected","seo","links.and.navigation","network","implemented","route_verified"
"Links and Navigation > JavaScript link destinations detected","seo.links.and.navigation.javascript.link.destinations.detected","seo","links.and.navigation","rendered_browser","implemented","route_verified"
"Links and Navigation > Internal links identified","seo.links.and.navigation.internal.links.identified","seo","links.and.navigation","network","implemented","route_verified"
"Links and Navigation > External links identified","seo.links.and.navigation.external.links.identified","seo","links.and.navigation","network","implemented","route_verified"
"Links and Navigation > Checked links returning HTTP 404 detected","seo.links.and.navigation.checked.links.returning.http.404.detected","seo","links.and.navigation","network","implemented","route_verified"
"Links and Navigation > Checked links returning HTTP 410 detected","seo.links.and.navigation.checked.links.returning.http.410.detected","seo","links.and.navigation","network","implemented","route_verified"
"Links and Navigation > Checked links returning server errors detected","seo.links.and.navigation.checked.links.returning.server.errors.detected","seo","links.and.navigation","network","implemented","route_verified"
"Links and Navigation > Checked links failing DNS resolution detected","seo.links.and.navigation.checked.links.failing.dns.resolution.detected","seo","links.and.navigation","dns","implemented","route_verified"
"Links and Navigation > Checked links failing HTTPS connections detected","seo.links.and.navigation.checked.links.failing.https.connections.detected","seo","links.and.navigation","network","implemented","route_verified"
"Links and Navigation > Checked links timing out detected","seo.links.and.navigation.checked.links.timing.out.detected","seo","links.and.navigation","network","implemented","route_verified"
"Links and Navigation > Checked links blocked by access restrictions detected","seo.links.and.navigation.checked.links.blocked.by.access.restrictions.detected","seo","links.and.navigation","network","implemented","route_verified"
"Links and Navigation > Checked links encountering rate limits detected","seo.links.and.navigation.checked.links.encountering.rate.limits.detected","seo","links.and.navigation","network","implemented","route_verified"
"Links and Navigation > Checked links containing redirect loops detected","seo.links.and.navigation.checked.links.containing.redirect.loops.detected","seo","links.and.navigation","network","implemented","route_verified"
"Links and Navigation > Checked links exceeding the redirect limit detected","seo.links.and.navigation.checked.links.exceeding.the.redirect.limit.detected","seo","links.and.navigation","network","implemented","route_verified"
"Links and Navigation > Checked links redirecting to broken destinations detected","seo.links.and.navigation.checked.links.redirecting.to.broken.destinations.detected","seo","links.and.navigation","network","implemented","route_verified"
"Links and Navigation > Redirecting internal links detected","seo.links.and.navigation.redirecting.internal.links.detected","seo","links.and.navigation","network","implemented","route_verified"
"Links and Navigation > Redirecting external links detected","seo.links.and.navigation.redirecting.external.links.detected","seo","links.and.navigation","network","implemented","route_verified"
"Links and Navigation > HTTPS page links to HTTP destinations","seo.links.and.navigation.https.page.links.to.http.destinations","seo","links.and.navigation","network","implemented","route_verified"
"Links and Navigation > On-page fragment links point to existing elements","seo.links.and.navigation.on.page.fragment.links.point.to.existing.elements","seo","links.and.navigation","network","implemented","route_verified"
"Links and Navigation > Download links identified","seo.links.and.navigation.download.links.identified","seo","links.and.navigation","network","implemented","route_verified"
"Links and Navigation > Telephone link formats checked","seo.links.and.navigation.telephone.link.formats.checked","seo","links.and.navigation","network","implemented","route_verified"
"Links and Navigation > Email link formats checked","seo.links.and.navigation.email.link.formats.checked","seo","links.and.navigation","network","implemented","route_verified"
"Links and Navigation > Sponsored link attributes detected","seo.links.and.navigation.sponsored.link.attributes.detected","seo","links.and.navigation","network","implemented","route_verified"
"Links and Navigation > User-generated content link attributes detected","seo.links.and.navigation.user.generated.content.link.attributes.detected","seo","links.and.navigation","network","implemented","route_verified"
"Links and Navigation > Navigation landmarks have distinguishable accessible names","seo.links.and.navigation.navigation.landmarks.have.distinguishable.accessible.names","seo","links.and.navigation","source_html","implemented","route_verified"
"Links and Navigation > Checked and unchecked link totals recorded","seo.links.and.navigation.checked.and.unchecked.link.totals.recorded","seo","links.and.navigation","network","implemented","route_verified"
"Images and Media > Images contain alt attributes","accessibility.images.and.media.images.contain.alt.attributes","accessibility","images.and.media","source_html","implemented","route_verified"
"Images and Media > Empty alt attributes identified","accessibility.images.and.media.empty.alt.attributes.identified","accessibility","images.and.media","source_html","implemented","route_verified"
"Images and Media > Alt text repeats image filenames","accessibility.images.and.media.alt.text.repeats.image.filenames","accessibility","images.and.media","source_html","implemented","route_verified"
"Images and Media > Images marked decorative remain focusable","accessibility.images.and.media.images.marked.decorative.remain.focusable","accessibility","images.and.media","source_html","implemented","route_verified"
"Images and Media > Image resources fail to load","accessibility.images.and.media.image.resources.fail.to.load","accessibility","images.and.media","network","implemented","route_verified"
"Images and Media > Image intrinsic dimensions recorded","accessibility.images.and.media.image.intrinsic.dimensions.recorded","accessibility","images.and.media","source_html","implemented","route_verified"
"Images and Media > Image display dimensions recorded","accessibility.images.and.media.image.display.dimensions.recorded","accessibility","images.and.media","rendered_browser","implemented","route_verified"
"Images and Media > Oversized images relative to display dimensions detected","accessibility.images.and.media.oversized.images.relative.to.display.dimensions.detected","accessibility","images.and.media","rendered_browser","implemented","route_verified"
"Images and Media > Image width and height attributes present","accessibility.images.and.media.image.width.and.height.attributes.present","accessibility","images.and.media","source_html","implemented","route_verified"
"Images and Media > Image aspect-ratio distortion detected","accessibility.images.and.media.image.aspect.ratio.distortion.detected","accessibility","images.and.media","source_html","implemented","route_verified"
"Images and Media > Responsive srcset declarations detected","accessibility.images.and.media.responsive.srcset.declarations.detected","accessibility","images.and.media","source_html","implemented","route_verified"
"Images and Media > Invalid srcset descriptors detected","accessibility.images.and.media.invalid.srcset.descriptors.detected","accessibility","images.and.media","source_html","implemented","route_verified"
"Images and Media > Image formats recorded","accessibility.images.and.media.image.formats.recorded","accessibility","images.and.media","source_html","implemented","route_verified"
"Images and Media > Image transfer sizes measured","accessibility.images.and.media.image.transfer.sizes.measured","accessibility","images.and.media","source_html","implemented","route_verified"
"Images and Media > Below-the-fold image loading attributes inspected","accessibility.images.and.media.below.the.fold.image.loading.attributes.inspected","accessibility","images.and.media","source_html","implemented","route_verified"
"Images and Media > Largest Contentful Paint image uses lazy loading","accessibility.images.and.media.largest.contentful.paint.image.uses.lazy.loading","accessibility","images.and.media","rendered_browser","implemented","route_verified"
"Images and Media > Videos contain caption track declarations","accessibility.images.and.media.videos.contain.caption.track.declarations","accessibility","images.and.media","source_html","implemented","route_verified"
"Images and Media > Caption track resources reachable","accessibility.images.and.media.caption.track.resources.reachable","accessibility","images.and.media","network","implemented","route_verified"
"Images and Media > Autoplaying media detected","accessibility.images.and.media.autoplaying.media.detected","accessibility","images.and.media","source_html","implemented","route_verified"
"Images and Media > Iframes have accessible titles","accessibility.images.and.media.iframes.have.accessible.titles","accessibility","images.and.media","source_html","implemented","route_verified"
"Accessibility > Page has a non-empty document title","accessibility.document.title","accessibility","accessibility","source_html","implemented","route_verified"
"Accessibility > Buttons have accessible names","accessibility.accessibility.buttons.have.accessible.names","accessibility","accessibility","source_html","implemented","route_verified"
"Accessibility > Form inputs have accessible labels","accessibility.accessibility.form.inputs.have.accessible.labels","accessibility","accessibility","source_html","implemented","route_verified"
"Accessibility > Select controls have accessible labels","accessibility.accessibility.select.controls.have.accessible.labels","accessibility","accessibility","source_html","implemented","route_verified"
"Accessibility > Textareas have accessible labels","accessibility.accessibility.textareas.have.accessible.labels","accessibility","accessibility","source_html","implemented","route_verified"
"Accessibility > Image buttons have accessible names","accessibility.accessibility.image.buttons.have.accessible.names","accessibility","accessibility","source_html","implemented","route_verified"
"Accessibility > Form labels reference existing controls","accessibility.accessibility.form.labels.reference.existing.controls","accessibility","accessibility","source_html","implemented","route_verified"
"Accessibility > Multiple labels for the same control detected","accessibility.accessibility.multiple.labels.for.the.same.control.detected","accessibility","accessibility","source_html","implemented","route_verified"
"Accessibility > Required ARIA attributes present","accessibility.accessibility.required.aria.attributes.present","accessibility","accessibility","source_html","implemented","route_verified"
"Accessibility > ARIA attribute names valid","accessibility.accessibility.aria.attribute.names.valid","accessibility","accessibility","source_html","implemented","route_verified"
"Accessibility > ARIA attribute values valid","accessibility.accessibility.aria.attribute.values.valid","accessibility","accessibility","source_html","implemented","route_verified"
"Accessibility > ARIA roles valid","accessibility.accessibility.aria.roles.valid","accessibility","accessibility","source_html","implemented","route_verified"
"Accessibility > ARIA attributes permitted for their roles","accessibility.accessibility.aria.attributes.permitted.for.their.roles","accessibility","accessibility","source_html","implemented","route_verified"
"Accessibility > Required ARIA parent roles present","accessibility.accessibility.required.aria.parent.roles.present","accessibility","accessibility","source_html","implemented","route_verified"
"Accessibility > Required ARIA child roles present","accessibility.accessibility.required.aria.child.roles.present","accessibility","accessibility","source_html","implemented","route_verified"
"Accessibility > ARIA references point to existing elements","accessibility.accessibility.aria.references.point.to.existing.elements","accessibility","accessibility","source_html","implemented","route_verified"
"Accessibility > Duplicate IDs used by accessibility references detected","accessibility.accessibility.duplicate.ids.used.by.accessibility.references.detected","accessibility","accessibility","source_html","implemented","route_verified"
"Accessibility > Focusable elements inside aria-hidden content detected","accessibility.accessibility.focusable.elements.inside.aria.hidden.content.detected","accessibility","accessibility","source_html","implemented","route_verified"
"Accessibility > Nested interactive controls detected","accessibility.accessibility.nested.interactive.controls.detected","accessibility","accessibility","source_html","implemented","route_verified"
"Accessibility > Positive tabindex values detected","accessibility.accessibility.positive.tabindex.values.detected","accessibility","accessibility","source_html","implemented","route_verified"
"Accessibility > Scrollable regions keyboard focusable","accessibility.accessibility.scrollable.regions.keyboard.focusable","accessibility","accessibility","source_html","implemented","route_verified"
"Accessibility > Text contrast measured where calculable","accessibility.accessibility.text.contrast.measured.where.calculable","accessibility","accessibility","rendered_browser","implemented","route_verified"
"Accessibility > Touch target size and spacing checked","accessibility.accessibility.touch.target.size.and.spacing.checked","accessibility","accessibility","rendered_browser","implemented","route_verified"
"Accessibility > Table headers associated with data cells","accessibility.accessibility.table.headers.associated.with.data.cells","accessibility","accessibility","network","implemented","route_verified"
"Accessibility > Table header cells contain text","accessibility.accessibility.table.header.cells.contain.text","accessibility","accessibility","network","implemented","route_verified"
"Accessibility > Definition lists have valid structure","accessibility.accessibility.definition.lists.have.valid.structure","accessibility","accessibility","source_html","implemented","route_verified"
"Accessibility > Lists contain valid list items","accessibility.accessibility.lists.contain.valid.list.items","accessibility","accessibility","source_html","implemented","route_verified"
"Accessibility > Meta refresh redirects detected","accessibility.accessibility.meta.refresh.redirects.detected","accessibility","accessibility","network","implemented","route_verified"
"Accessibility > Viewport settings restrict zoom","accessibility.accessibility.viewport.settings.restrict.zoom","accessibility","accessibility","rendered_browser","implemented","route_verified"
"Accessibility > SVG elements requiring accessible names have names","accessibility.accessibility.svg.elements.requiring.accessible.names.have.names","accessibility","accessibility","source_html","implemented","route_verified"
"Mobile and Responsive Layout > Viewport meta tag present","accessibility.mobile.viewport","accessibility","mobile.and.responsive.layout","rendered_browser","implemented","route_verified"
"Mobile and Responsive Layout > Multiple viewport declarations detected","accessibility.mobile.and.responsive.layout.multiple.viewport.declarations.detected","accessibility","mobile.and.responsive.layout","rendered_browser","implemented","route_verified"
"Mobile and Responsive Layout > Viewport width configured for device width","accessibility.mobile.and.responsive.layout.viewport.width.configured.for.device.width","accessibility","mobile.and.responsive.layout","rendered_browser","implemented","route_verified"
"Mobile and Responsive Layout > Horizontal page overflow detected at tested widths","accessibility.mobile.and.responsive.layout.horizontal.page.overflow.detected.at.tested.widths","accessibility","mobile.and.responsive.layout","source_html","implemented","route_verified"
"Mobile and Responsive Layout > Elements extend beyond tested viewports","accessibility.mobile.and.responsive.layout.elements.extend.beyond.tested.viewports","accessibility","mobile.and.responsive.layout","rendered_browser","implemented","route_verified"
"Mobile and Responsive Layout > Images exceed their containing elements","accessibility.mobile.and.responsive.layout.images.exceed.their.containing.elements","accessibility","mobile.and.responsive.layout","source_html","implemented","route_verified"
"Mobile and Responsive Layout > Tables overflow their containing elements","accessibility.mobile.and.responsive.layout.tables.overflow.their.containing.elements","accessibility","mobile.and.responsive.layout","source_html","implemented","route_verified"
"Mobile and Responsive Layout > Fixed elements geometrically overlap main content at tested widths","accessibility.mobile.and.responsive.layout.fixed.elements.geometrically.overlap.main.content.at.tested.widths","accessibility","mobile.and.responsive.layout","rendered_browser","implemented","route_verified"
"Mobile and Responsive Layout > Text sizes measured at tested mobile widths","accessibility.mobile.and.responsive.layout.text.sizes.measured.at.tested.mobile.widths","accessibility","mobile.and.responsive.layout","source_html","implemented","route_verified"
"Mobile and Responsive Layout > Desktop and mobile content differences detected","accessibility.mobile.and.responsive.layout.desktop.and.mobile.content.differences.detected","accessibility","mobile.and.responsive.layout","source_html","implemented","route_verified"
"Mobile and Responsive Layout > Main heading visible at tested widths","accessibility.mobile.and.responsive.layout.main.heading.visible.at.tested.widths","accessibility","mobile.and.responsive.layout","source_html","implemented","route_verified"
"Mobile and Responsive Layout > Primary navigation controls have accessible names","accessibility.mobile.and.responsive.layout.primary.navigation.controls.have.accessible.names","accessibility","mobile.and.responsive.layout","source_html","implemented","route_verified"
"Performance > Document response time measured","performance.performance.document.response.time.measured","performance","performance","source_html","implemented","route_verified"
"Performance > First Contentful Paint measured","performance.performance.first.contentful.paint.measured","performance","performance","rendered_browser","implemented","route_verified"
"Performance > Largest Contentful Paint measured","performance.performance.largest.contentful.paint.measured","performance","performance","rendered_browser","implemented","route_verified"
"Performance > Cumulative Layout Shift measured","performance.performance.cumulative.layout.shift.measured","performance","performance","rendered_browser","implemented","route_verified"
"Performance > Total Blocking Time measured","performance.performance.total.blocking.time.measured","performance","performance","rendered_browser","implemented","route_verified"
"Performance > Total transferred page size measured","performance.performance.total.transferred.page.size.measured","performance","performance","source_html","implemented","route_verified"
"Performance > Total resource request count measured","performance.performance.total.resource.request.count.measured","performance","performance","network","implemented","route_verified"
"Performance > JavaScript transfer size measured","performance.performance.javascript.transfer.size.measured","performance","performance","rendered_browser","implemented","route_verified"
"Performance > CSS transfer size measured","performance.performance.css.transfer.size.measured","performance","performance","source_html","implemented","route_verified"
"Performance > Image transfer size measured","performance.performance.image.transfer.size.measured","performance","performance","source_html","implemented","route_verified"
"Performance > Font transfer size measured","performance.performance.font.transfer.size.measured","performance","performance","source_html","implemented","route_verified"
"Performance > Third-party request count measured","performance.performance.third.party.request.count.measured","performance","performance","source_html","implemented","route_verified"
"Performance > Render-blocking resources detected","performance.performance.render.blocking.resources.detected","performance","performance","rendered_browser","implemented","route_verified"
"Performance > Long main-thread tasks detected","performance.performance.long.main.thread.tasks.detected","performance","performance","lab","implemented","route_verified"
"Performance > Unused JavaScript estimated","performance.performance.unused.javascript.estimated","performance","performance","rendered_browser","implemented","route_verified"
"Performance > Unused CSS estimated","performance.performance.unused.css.estimated","performance","performance","lab","implemented","route_verified"
"Performance > Text compression detected","performance.performance.text.compression.detected","performance","performance","source_html","implemented","route_verified"
"Performance > Static resource cache directives inspected","performance.performance.static.resource.cache.directives.inspected","performance","performance","network","implemented","route_verified"
"Performance > Largest Contentful Paint element identified","performance.performance.largest.contentful.paint.element.identified","performance","performance","rendered_browser","implemented","route_verified"
"Performance > Largest Contentful Paint resource discovery delay measured","performance.performance.largest.contentful.paint.resource.discovery.delay.measured","performance","performance","rendered_browser","implemented","route_verified"
"Performance > Layout shift contributors identified","performance.performance.layout.shift.contributors.identified","performance","performance","rendered_browser","implemented","route_verified"
"Performance > Font-display declarations inspected","performance.performance.font.display.declarations.inspected","performance","performance","source_html","implemented","route_verified"
"Performance > Failed network requests detected","performance.performance.failed.network.requests.detected","performance","performance","source_html","implemented","route_verified"
"Performance > Browser console errors detected","performance.performance.browser.console.errors.detected","performance","performance","rendered_browser","implemented","route_verified"
"Performance > Uncaught JavaScript exceptions detected","performance.performance.uncaught.javascript.exceptions.detected","performance","performance","rendered_browser","implemented","route_verified"
"Performance > Repeated downloads of the same resource detected","performance.performance.repeated.downloads.of.the.same.resource.detected","performance","performance","network","implemented","route_verified"
"Performance > Resource preload declarations inspected","performance.performance.resource.preload.declarations.inspected","performance","performance","network","implemented","route_verified"
"Performance > Preloaded resources unused during the test detected","performance.performance.preloaded.resources.unused.during.the.test.detected","performance","performance","lab","implemented","route_verified"
"Security and Browser Protections > Selected page uses HTTPS","security.https.selected","security","security.and.browser.protections","network","implemented","route_verified"
"Security and Browser Protections > HTTP version redirects to HTTPS","security.security.and.browser.protections.http.version.redirects.to.https","security","security.and.browser.protections","network","implemented","route_verified"
"Security and Browser Protections > HTTPS connection succeeds","security.security.and.browser.protections.https.connection.succeeds","security","security.and.browser.protections","network","implemented","route_verified"
"Security and Browser Protections > Active mixed-content requests detected","security.security.and.browser.protections.active.mixed.content.requests.detected","security","security.and.browser.protections","source_html","implemented","route_verified"
"Security and Browser Protections > HTTP image and media references detected","security.security.and.browser.protections.http.image.and.media.references.detected","security","security.and.browser.protections","network","implemented","route_verified"
"Security and Browser Protections > Strict-Transport-Security header present","security.headers.hsts","security","security.and.browser.protections","network","implemented","route_verified"
"Security and Browser Protections > Strict-Transport-Security directives parse correctly","security.security.and.browser.protections.strict.transport.security.directives.parse.correctly","security","security.and.browser.protections","source_html","implemented","route_verified"
"Security and Browser Protections > Content-Security-Policy header present","security.headers.csp","security","security.and.browser.protections","network","implemented","route_verified"
"Security and Browser Protections > Content-Security-Policy is report-only","security.security.and.browser.protections.content.security.policy.is.report.only","security","security.and.browser.protections","source_html","implemented","route_verified"
"Security and Browser Protections > Content-Security-Policy contains unsafe-inline allowances","security.security.and.browser.protections.content.security.policy.contains.unsafe.inline.allowances","security","security.and.browser.protections","source_html","implemented","route_verified"
"Security and Browser Protections > Content-Security-Policy contains unsafe-eval allowances","security.security.and.browser.protections.content.security.policy.contains.unsafe.eval.allowances","security","security.and.browser.protections","source_html","implemented","route_verified"
"Security and Browser Protections > Frame-embedding protection declared","security.security.and.browser.protections.frame.embedding.protection.declared","security","security.and.browser.protections","source_html","implemented","route_verified"
"Security and Browser Protections > X-Content-Type-Options header present","security.security.and.browser.protections.x.content.type.options.header.present","security","security.and.browser.protections","network","implemented","route_verified"
"Security and Browser Protections > X-Content-Type-Options set to nosniff","security.security.and.browser.protections.x.content.type.options.set.to.nosniff","security","security.and.browser.protections","source_html","implemented","route_verified"
"Security and Browser Protections > Referrer-Policy declared","security.security.and.browser.protections.referrer.policy.declared","security","security.and.browser.protections","source_html","implemented","route_verified"
"Security and Browser Protections > Referrer-Policy value recognised","security.security.and.browser.protections.referrer.policy.value.recognised","security","security.and.browser.protections","source_html","implemented","route_verified"
"Security and Browser Protections > Permissions-Policy header present","security.security.and.browser.protections.permissions.policy.header.present","security","security.and.browser.protections","network","implemented","route_verified"
"Security and Browser Protections > Observed cookies have Secure attributes","security.security.and.browser.protections.observed.cookies.have.secure.attributes","security","security.and.browser.protections","network","implemented","route_verified"
"Security and Browser Protections > Observed cookies have HttpOnly attributes","security.security.and.browser.protections.observed.cookies.have.httponly.attributes","security","security.and.browser.protections","network","implemented","route_verified"
"Security and Browser Protections > Observed cookies have SameSite attributes","security.security.and.browser.protections.observed.cookies.have.samesite.attributes","security","security.and.browser.protections","network","implemented","route_verified"
"Security and Browser Protections > Insecure form submission destinations detected","security.security.and.browser.protections.insecure.form.submission.destinations.detected","security","security.and.browser.protections","source_html","implemented","route_verified"
"Security and Browser Protections > Password fields appear on an HTTP page","security.security.and.browser.protections.password.fields.appear.on.an.http.page","security","security.and.browser.protections","network","implemented","route_verified"
"Security and Browser Protections > Browser-reported security policy violations detected","security.security.and.browser.protections.browser.reported.security.policy.violations.detected","security","security.and.browser.protections","source_html","implemented","route_verified"
"Server and HTTP Information > Server software header detected","infrastructure.server.and.http.information.server.software.header.detected","infrastructure","server.and.http.information","network","implemented","route_verified"
"Server and HTTP Information > Technology disclosure headers detected","infrastructure.server.and.http.information.technology.disclosure.headers.detected","infrastructure","server.and.http.information","network","implemented","route_verified"
"Server and HTTP Information > CDN or reverse-proxy header indicators detected","infrastructure.server.and.http.information.cdn.or.reverse.proxy.header.indicators.detected","infrastructure","server.and.http.information","network","implemented","route_verified"
"Server and HTTP Information > Cache hit or miss headers detected","infrastructure.server.and.http.information.cache.hit.or.miss.headers.detected","infrastructure","server.and.http.information","network","implemented","route_verified"
"Server and HTTP Information > Response content type recorded","infrastructure.http.content_type","infrastructure","server.and.http.information","source_html","implemented","route_verified"
"Server and HTTP Information > Response character encoding declared","infrastructure.server.and.http.information.response.character.encoding.declared","infrastructure","server.and.http.information","source_html","implemented","route_verified"
"Server and HTTP Information > Cache-Control directives recorded","infrastructure.server.and.http.information.cache.control.directives.recorded","infrastructure","server.and.http.information","source_html","implemented","route_verified"
"Server and HTTP Information > ETag header detected","infrastructure.server.and.http.information.etag.header.detected","infrastructure","server.and.http.information","network","implemented","route_verified"
"Server and HTTP Information > Last-Modified header detected","infrastructure.server.and.http.information.last.modified.header.detected","infrastructure","server.and.http.information","network","implemented","route_verified"
"Server and HTTP Information > Vary header recorded","infrastructure.server.and.http.information.vary.header.recorded","infrastructure","server.and.http.information","network","implemented","route_verified"
"Server and HTTP Information > Server-Timing metrics detected","infrastructure.server.and.http.information.server.timing.metrics.detected","infrastructure","server.and.http.information","source_html","implemented","route_verified"
"Server and HTTP Information > Response cookie attributes recorded","infrastructure.server.and.http.information.response.cookie.attributes.recorded","infrastructure","server.and.http.information","network","implemented","route_verified"
"DNS and Domain Configuration > Selected hostname resolves successfully","infrastructure.dns.and.domain.configuration.selected.hostname.resolves.successfully","infrastructure","dns.and.domain.configuration","source_html","implemented","route_verified"
"DNS and Domain Configuration > IPv4 addresses recorded","infrastructure.dns.and.domain.configuration.ipv4.addresses.recorded","infrastructure","dns.and.domain.configuration","source_html","implemented","route_verified"
"DNS and Domain Configuration > IPv6 addresses recorded","infrastructure.dns.and.domain.configuration.ipv6.addresses.recorded","infrastructure","dns.and.domain.configuration","source_html","implemented","route_verified"
"DNS and Domain Configuration > Returned CNAME records recorded","infrastructure.dns.and.domain.configuration.returned.cname.records.recorded","infrastructure","dns.and.domain.configuration","source_html","implemented","route_verified"
"DNS and Domain Configuration > Returned DNS record TTLs recorded","infrastructure.dns.and.domain.configuration.returned.dns.record.ttls.recorded","infrastructure","dns.and.domain.configuration","dns","implemented","route_verified"
"DNS and Domain Configuration > Domain nameservers recorded","infrastructure.dns.and.domain.configuration.domain.nameservers.recorded","infrastructure","dns.and.domain.configuration","dns","implemented","route_verified"
"DNS and Domain Configuration > Domain SOA record recorded","infrastructure.dns.and.domain.configuration.domain.soa.record.recorded","infrastructure","dns.and.domain.configuration","dns","implemented","route_verified"
"DNS and Domain Configuration > DNS resolver errors detected","infrastructure.dns.and.domain.configuration.dns.resolver.errors.detected","infrastructure","dns.and.domain.configuration","dns","implemented","route_verified"
"DNS and Domain Configuration > Non-existent hostname response detected","infrastructure.dns.and.domain.configuration.non.existent.hostname.response.detected","infrastructure","dns.and.domain.configuration","source_html","implemented","route_verified"
"DNS and Domain Configuration > DNSSEC validation status reported by the resolver","infrastructure.dns.and.domain.configuration.dnssec.validation.status.reported.by.the.resolver","infrastructure","dns.and.domain.configuration","dns","implemented","route_verified"
"DNS and Domain Configuration > Apex domain resolution checked","infrastructure.dns.and.domain.configuration.apex.domain.resolution.checked","infrastructure","dns.and.domain.configuration","source_html","implemented","route_verified"
"DNS and Domain Configuration > www hostname resolution checked","infrastructure.dns.and.domain.configuration.www.hostname.resolution.checked","infrastructure","dns.and.domain.configuration","source_html","implemented","route_verified"
"DNS and Domain Configuration > Apex and www HTTP redirect behaviour compared","infrastructure.dns.and.domain.configuration.apex.and.www.http.redirect.behaviour.compared","infrastructure","dns.and.domain.configuration","network","implemented","route_verified"
"DNS and Domain Configuration > Mail exchange records detected","infrastructure.dns.and.domain.configuration.mail.exchange.records.detected","infrastructure","dns.and.domain.configuration","source_html","implemented","route_verified"
"DNS and Domain Configuration > SPF record detected","infrastructure.dns.and.domain.configuration.spf.record.detected","infrastructure","dns.and.domain.configuration","dns","implemented","route_verified"
"DNS and Domain Configuration > Multiple SPF records detected","infrastructure.dns.and.domain.configuration.multiple.spf.records.detected","infrastructure","dns.and.domain.configuration","dns","implemented","route_verified"
"DNS and Domain Configuration > DMARC record detected","infrastructure.dns.and.domain.configuration.dmarc.record.detected","infrastructure","dns.and.domain.configuration","dns","implemented","route_verified"
"DNS and Domain Configuration > DMARC policy recorded","infrastructure.dns.and.domain.configuration.dmarc.policy.recorded","infrastructure","dns.and.domain.configuration","dns","implemented","route_verified"
"DNS and Domain Configuration > CAA certificate-authority restrictions detected","infrastructure.dns.and.domain.configuration.caa.certificate.authority.restrictions.detected","infrastructure","dns.and.domain.configuration","dns","implemented","route_verified"
"Structured Data > JSON-LD blocks detected","seo.structured.data.json.ld.blocks.detected","seo","structured.data","source_html","implemented","route_verified"
"Structured Data > JSON-LD syntax valid","seo.structured.data.json.ld.syntax.valid","seo","structured.data","source_html","implemented","route_verified"
"Structured Data > Schema.org types identified","seo.structured.data.schema.org.types.identified","seo","structured.data","source_html","implemented","route_verified"
"Structured Data > Structured data context declared","seo.structured.data.structured.data.context.declared","seo","structured.data","source_html","implemented","route_verified"
"Structured Data > Structured data URL identifiers use valid formats","seo.structured.data.structured.data.url.identifiers.use.valid.formats","seo","structured.data","source_html","implemented","route_verified"
"Structured Data > Structured data URL properties use valid formats","seo.structured.data.structured.data.url.properties.use.valid.formats","seo","structured.data","source_html","implemented","route_verified"
"Structured Data > Local entity references resolve within the document","seo.structured.data.local.entity.references.resolve.within.the.document","seo","structured.data","source_html","implemented","route_verified"
"Structured Data > Duplicate entity identifiers contain conflicting values","seo.structured.data.duplicate.entity.identifiers.contain.conflicting.values","seo","structured.data","source_html","implemented","route_verified"
"Structured Data > Structured data dates use valid formats","seo.structured.data.structured.data.dates.use.valid.formats","seo","structured.data","source_html","implemented","route_verified"
"Structured Data > Checked structured data image URLs reachable","seo.structured.data.checked.structured.data.image.urls.reachable","seo","structured.data","network","implemented","route_verified"
"Structured Data > Structured data page URL matches the selected URL","seo.structured.data.structured.data.page.url.matches.the.selected.url","seo","structured.data","source_html","implemented","route_verified"
"Structured Data > Organisation name declared","seo.structured.data.organisation.name.declared","seo","structured.data","source_html","implemented","route_verified"
"Structured Data > Organisation website declared","seo.structured.data.organisation.website.declared","seo","structured.data","source_html","implemented","route_verified"
"Structured Data > Article headline declared","seo.structured.data.article.headline.declared","seo","structured.data","source_html","implemented","route_verified"
"Structured Data > Article author declared","seo.structured.data.article.author.declared","seo","structured.data","source_html","implemented","route_verified"
"Structured Data > Article publication date declared","seo.structured.data.article.publication.date.declared","seo","structured.data","source_html","implemented","route_verified"
"Structured Data > Article modification date declared","seo.structured.data.article.modification.date.declared","seo","structured.data","source_html","implemented","route_verified"
"Structured Data > Breadcrumb items have names and positions","seo.structured.data.breadcrumb.items.have.names.and.positions","seo","structured.data","source_html","implemented","route_verified"
"Structured Data > Breadcrumb positions form a consistent sequence","seo.structured.data.breadcrumb.positions.form.a.consistent.sequence","seo","structured.data","source_html","implemented","route_verified"
"Structured Data > Declared product price formats valid","seo.structured.data.declared.product.price.formats.valid","seo","structured.data","source_html","implemented","route_verified"
"Structured Data > Declared product currency codes valid","seo.structured.data.declared.product.currency.codes.valid","seo","structured.data","source_html","implemented","route_verified"
"Social Sharing and Site Identity > Open Graph title present","seo.social.sharing.and.site.identity.open.graph.title.present","seo","social.sharing.and.site.identity","source_html","implemented","route_verified"
"Social Sharing and Site Identity > Open Graph description present","seo.social.sharing.and.site.identity.open.graph.description.present","seo","social.sharing.and.site.identity","source_html","implemented","route_verified"
"Social Sharing and Site Identity > Open Graph URL present","seo.social.sharing.and.site.identity.open.graph.url.present","seo","social.sharing.and.site.identity","source_html","implemented","route_verified"
"Social Sharing and Site Identity > Open Graph type present","seo.social.sharing.and.site.identity.open.graph.type.present","seo","social.sharing.and.site.identity","source_html","implemented","route_verified"
"Social Sharing and Site Identity > Open Graph image declared","seo.social.sharing.and.site.identity.open.graph.image.declared","seo","social.sharing.and.site.identity","source_html","implemented","route_verified"
"Social Sharing and Site Identity > Open Graph image reachable","seo.social.sharing.and.site.identity.open.graph.image.reachable","seo","social.sharing.and.site.identity","network","implemented","route_verified"
"Social Sharing and Site Identity > Open Graph image dimensions measured","seo.social.sharing.and.site.identity.open.graph.image.dimensions.measured","seo","social.sharing.and.site.identity","source_html","implemented","route_verified"
"Social Sharing and Site Identity > Open Graph URL agrees with the canonical URL","seo.social.sharing.and.site.identity.open.graph.url.agrees.with.the.canonical.url","seo","social.sharing.and.site.identity","source_html","implemented","route_verified"
"Social Sharing and Site Identity > X/Twitter card type declared","seo.social.sharing.and.site.identity.x.twitter.card.type.declared","seo","social.sharing.and.site.identity","source_html","implemented","route_verified"
"Social Sharing and Site Identity > X/Twitter title or Open Graph fallback available","seo.social.sharing.and.site.identity.x.twitter.title.or.open.graph.fallback.available","seo","social.sharing.and.site.identity","source_html","implemented","route_verified"
"Social Sharing and Site Identity > X/Twitter description or Open Graph fallback available","seo.social.sharing.and.site.identity.x.twitter.description.or.open.graph.fallback.available","seo","social.sharing.and.site.identity","source_html","implemented","route_verified"
"Social Sharing and Site Identity > X/Twitter image or Open Graph fallback available","seo.social.sharing.and.site.identity.x.twitter.image.or.open.graph.fallback.available","seo","social.sharing.and.site.identity","source_html","implemented","route_verified"
"Social Sharing and Site Identity > Conflicting duplicate social metadata detected","seo.social.sharing.and.site.identity.conflicting.duplicate.social.metadata.detected","seo","social.sharing.and.site.identity","source_html","implemented","route_verified"
"Social Sharing and Site Identity > Favicon declared","seo.social.sharing.and.site.identity.favicon.declared","seo","social.sharing.and.site.identity","source_html","implemented","route_verified"
"Social Sharing and Site Identity > Declared favicon reachable","seo.social.sharing.and.site.identity.declared.favicon.reachable","seo","social.sharing.and.site.identity","network","implemented","route_verified"
"Social Sharing and Site Identity > Apple touch icon declared","seo.social.sharing.and.site.identity.apple.touch.icon.declared","seo","social.sharing.and.site.identity","source_html","implemented","route_verified"
"Social Sharing and Site Identity > Declared Apple touch icon reachable","seo.social.sharing.and.site.identity.declared.apple.touch.icon.reachable","seo","social.sharing.and.site.identity","network","implemented","route_verified"
"Social Sharing and Site Identity > Web app manifest linked","seo.social.sharing.and.site.identity.web.app.manifest.linked","seo","social.sharing.and.site.identity","network","implemented","route_verified"
"Social Sharing and Site Identity > Linked web app manifest reachable","seo.social.sharing.and.site.identity.linked.web.app.manifest.reachable","seo","social.sharing.and.site.identity","network","implemented","route_verified"
"Social Sharing and Site Identity > Web app manifest contains valid JSON","seo.social.sharing.and.site.identity.web.app.manifest.contains.valid.json","seo","social.sharing.and.site.identity","source_html","implemented","route_verified"
"AI Readiness: Crawler Permissions > Selected page allowed by OAI-SearchBot robots rules","ai_readiness.crawler.permissions.selected.page.allowed.by.oai.searchbot.robots.rules","ai_readiness","crawler.permissions","network","implemented","route_verified"
"AI Readiness: Crawler Permissions > Selected page allowed by GPTBot robots rules","ai_readiness.crawler.permissions.selected.page.allowed.by.gptbot.robots.rules","ai_readiness","crawler.permissions","network","implemented","route_verified"
"AI Readiness: Crawler Permissions > Selected page allowed by Claude-SearchBot robots rules","ai_readiness.crawler.permissions.selected.page.allowed.by.claude.searchbot.robots.rules","ai_readiness","crawler.permissions","network","implemented","route_verified"
"AI Readiness: Crawler Permissions > Selected page allowed by ClaudeBot robots rules","ai_readiness.crawler.permissions.selected.page.allowed.by.claudebot.robots.rules","ai_readiness","crawler.permissions","network","implemented","route_verified"
"AI Readiness: Crawler Permissions > Explicit ChatGPT-User robots rules detected","ai_readiness.crawler.permissions.explicit.chatgpt.user.robots.rules.detected","ai_readiness","crawler.permissions","network","implemented","route_verified"
"AI Readiness: Crawler Permissions > Explicit Claude-User robots rules detected","ai_readiness.crawler.permissions.explicit.claude.user.robots.rules.detected","ai_readiness","crawler.permissions","network","implemented","route_verified"
"AI Readiness: Crawler Permissions > AI search and training crawler permissions differ","ai_readiness.crawler.permissions.ai.search.and.training.crawler.permissions.differ","ai_readiness","crawler.permissions","source_html","implemented","route_verified"
"AI Readiness: Crawler Permissions > AI crawler rules inherited from wildcard directives identified","ai_readiness.crawler.permissions.ai.crawler.rules.inherited.from.wildcard.directives.identified","ai_readiness","crawler.permissions","source_html","implemented","route_verified"
"AI Readiness: Crawler Permissions > Googlebot robots access for the selected page checked","ai_readiness.crawler.permissions.googlebot.robots.access.for.the.selected.page.checked","ai_readiness","crawler.permissions","network","implemented","route_verified"
"AI Readiness: Crawler Permissions > nosnippet restrictions detected","ai_readiness.crawler.permissions.nosnippet.restrictions.detected","ai_readiness","crawler.permissions","source_html","implemented","route_verified"
"AI Readiness: Crawler Permissions > max-snippet restrictions detected","ai_readiness.crawler.permissions.max.snippet.restrictions.detected","ai_readiness","crawler.permissions","source_html","implemented","route_verified"
"AI Readiness: Crawler Permissions > data-nosnippet sections detected","ai_readiness.crawler.permissions.data.nosnippet.sections.detected","ai_readiness","crawler.permissions","source_html","implemented","route_verified"
"AI Readiness: Content and Attribution > Main content extractable without JavaScript","ai.content.source_extractable","ai_readiness","content.and.attribution","rendered_browser","implemented","route_verified"
"AI Readiness: Content and Attribution > Main content extractable after JavaScript rendering","ai_readiness.content.and.attribution.main.content.extractable.after.javascript.rendering","ai_readiness","content.and.attribution","rendered_browser","implemented","route_verified"
"AI Readiness: Content and Attribution > Login requirement encountered by the audit runner","ai_readiness.content.and.attribution.login.requirement.encountered.by.the.audit.runner","ai_readiness","content.and.attribution","source_html","implemented","route_verified"
"AI Readiness: Content and Attribution > Bot challenge encountered by the audit runner","ai_readiness.content.and.attribution.bot.challenge.encountered.by.the.audit.runner","ai_readiness","content.and.attribution","source_html","implemented","route_verified"
"AI Readiness: Content and Attribution > Main content includes machine-readable text","ai_readiness.content.and.attribution.main.content.includes.machine.readable.text","ai_readiness","content.and.attribution","source_html","implemented","route_verified"
"AI Readiness: Content and Attribution > Main content organised under semantic headings","ai_readiness.content.and.attribution.main.content.organised.under.semantic.headings","ai_readiness","content.and.attribution","source_html","implemented","route_verified"
"AI Readiness: Content and Attribution > Lists available in machine-readable HTML","ai_readiness.content.and.attribution.lists.available.in.machine.readable.html","ai_readiness","content.and.attribution","source_html","implemented","route_verified"
"AI Readiness: Content and Attribution > Tables available in machine-readable HTML","ai_readiness.content.and.attribution.tables.available.in.machine.readable.html","ai_readiness","content.and.attribution","source_html","implemented","route_verified"
"AI Readiness: Content and Attribution > Author attribution declared in structured data","ai_readiness.content.and.attribution.author.attribution.declared.in.structured.data","ai_readiness","content.and.attribution","source_html","implemented","route_verified"
"AI Readiness: Content and Attribution > Publisher attribution declared in structured data","ai_readiness.content.and.attribution.publisher.attribution.declared.in.structured.data","ai_readiness","content.and.attribution","source_html","implemented","route_verified"
"AI Readiness: Content and Attribution > Publication date declared in structured data","ai_readiness.content.and.attribution.publication.date.declared.in.structured.data","ai_readiness","content.and.attribution","source_html","implemented","route_verified"
"AI Readiness: Content and Attribution > Modification date declared in structured data","ai_readiness.content.and.attribution.modification.date.declared.in.structured.data","ai_readiness","content.and.attribution","source_html","implemented","route_verified"
"AI Readiness: Content and Attribution > External source links present in the main content","ai_readiness.content.and.attribution.external.source.links.present.in.the.main.content","ai_readiness","content.and.attribution","network","implemented","route_verified"
"AI Readiness: Content and Attribution > Machine-readable organisation identity present","ai_readiness.content.and.attribution.machine.readable.organisation.identity.present","ai_readiness","content.and.attribution","source_html","implemented","route_verified"
"AI Readiness: Content and Attribution > Machine-readable author identity present","ai_readiness.content.and.attribution.machine.readable.author.identity.present","ai_readiness","content.and.attribution","source_html","implemented","route_verified"
"AI Readiness: Content and Attribution > Entity sameAs references use valid URL formats","ai_readiness.content.and.attribution.entity.sameas.references.use.valid.url.formats","ai_readiness","content.and.attribution","source_html","implemented","route_verified"
"AI Readiness: Optional Resources > llms.txt file reachable","ai_readiness.optional.resources.llms.txt.file.reachable","ai_readiness","optional.resources","network","implemented","route_verified"
"AI Readiness: Optional Resources > llms.txt returned as readable text","ai_readiness.optional.resources.llms.txt.returned.as.readable.text","ai_readiness","optional.resources","source_html","implemented","route_verified"
"AI Readiness: Optional Resources > llms.txt title detected","ai_readiness.optional.resources.llms.txt.title.detected","ai_readiness","optional.resources","source_html","implemented","route_verified"
"AI Readiness: Optional Resources > llms.txt summary detected","ai_readiness.optional.resources.llms.txt.summary.detected","ai_readiness","optional.resources","source_html","implemented","route_verified"
"AI Readiness: Optional Resources > llms.txt Markdown links parse correctly","ai_readiness.optional.resources.llms.txt.markdown.links.parse.correctly","ai_readiness","optional.resources","network","implemented","route_verified"
"AI Readiness: Optional Resources > llms.txt links checked within the request limit","ai_readiness.optional.resources.llms.txt.links.checked.within.the.request.limit","ai_readiness","optional.resources","network","implemented","route_verified"
"AI Readiness: Optional Resources > Selected page referenced in checked llms.txt links","ai_readiness.optional.resources.selected.page.referenced.in.checked.llms.txt.links","ai_readiness","optional.resources","network","implemented","route_verified"
"AI Readiness: Optional Resources > llms-full.txt file reachable","ai_readiness.optional.resources.llms.full.txt.file.reachable","ai_readiness","optional.resources","network","implemented","route_verified"
"AI Readiness: Optional Resources > llms-full.txt returned as readable text","ai_readiness.optional.resources.llms.full.txt.returned.as.readable.text","ai_readiness","optional.resources","source_html","implemented","route_verified"
"AI Readiness: Optional Resources > Linked Markdown alternative for the selected page detected","ai_readiness.optional.resources.linked.markdown.alternative.for.the.selected.page.detected","ai_readiness","optional.resources","network","implemented","route_verified"
"AI Readiness: Optional Resources > Declared Markdown alternative reachable","ai_readiness.optional.resources.declared.markdown.alternative.reachable","ai_readiness","optional.resources","network","implemented","route_verified"
"AI Readiness: Optional Resources > Declared Markdown alternative contains readable content","ai_readiness.optional.resources.declared.markdown.alternative.contains.readable.content","ai_readiness","optional.resources","source_html","implemented","route_verified"
